timestamp,source,temp_c,precip_1h_mm,wind_speed_ms,humidity_pct,weather_code,issued_at
2026-09-28 01:00:00,observed,22.3,0.0,0.3,98,,
2026-09-28 02:00:00,observed,22.4,0.0,1.4,98,,
2026-09-28 03:00:00,observed,22.1,0.5,0.2,98,,
2026-09-28 04:00:00,observed,22.2,1.0,1.0,99,,
2026-09-28 05:00:00,observed,21.9,3.5,0.6,99,,
2026-09-28 06:00:00,observed,22.0,7.0,1.4,99,,
2026-09-28 07:00:00,observed,22.0,1.0,0.8,99,,
2026-09-28 08:00:00,observed,22.4,0.5,1.1,99,,
2026-09-28 09:00:00,observed,22.9,0.0,1.2,98,,
2026-09-28 10:00:00,observed,23.4,0.0,1.5,97,,
2026-09-28 11:00:00,observed,23.9,0.5,1.3,96,,
2026-09-28 12:00:00,observed,24.3,0.5,0.6,94,,
2026-09-28 13:00:00,observed,25.2,0.0,0.8,91,,
2026-09-28 14:00:00,observed,26.1,0.0,1.6,88,,
2026-09-28 15:00:00,observed,25.9,0.0,2.3,87,,
2026-09-28 16:00:00,observed,26.1,0.0,3.1,79,,
2026-09-28 17:00:00,observed,25.2,0.5,1.6,86,,
2026-09-28 18:00:00,observed,24.6,0.5,1.2,89,,
2026-09-28 19:00:00,observed,24.6,0.5,1.0,89,,
2026-09-28 20:00:00,observed,23.6,1.0,2.0,93,,
2026-09-28 21:00:00,observed,22.6,0.5,1.6,96,,
2026-09-28 22:00:00,observed,22.2,0.5,1.1,96,,
2026-09-28 23:00:00,observed,22.1,0.0,0.8,96,,
2026-09-29 00:00:00,observed,22.5,0.0,2.1,94,,
2026-09-29 01:00:00,observed,22.4,0.5,1.5,96,,
2026-09-29 02:00:00,observed,21.2,1.0,1.8,96,,
2026-09-29 03:00:00,observed,20.5,1.5,1.3,95,,
2026-09-29 04:00:00,observed,20.4,3.0,0.1,97,,
2026-09-29 05:00:00,observed,20.5,2.0,0.2,98,,
2026-09-29 06:00:00,observed,20.3,2.0,0.9,98,,
2026-09-29 07:00:00,observed,20.3,0.0,2.1,98,,
2026-09-29 08:00:00,observed,20.0,3.5,0.9,98,,
2026-09-29 09:00:00,observed,20.2,3.0,2.8,97,,
2026-09-29 10:00:00,observed,20.5,0.5,2.9,96,,
2026-09-29 11:00:00,observed,20.7,0.5,2.8,96,,
2026-09-29 12:00:00,observed,20.2,0.5,2.7,95,,
2026-09-29 13:00:00,observed,20.1,1.5,1.7,96,,
2026-09-29 14:00:00,observed,20.4,1.5,2.1,96,,
2026-09-29 15:00:00,observed,19.4,3.0,1.3,96,,
2026-09-29 16:00:00,observed,19.6,1.0,1.1,96,,
2026-09-29 17:00:00,observed,19.4,1.5,1.6,97,,
2026-09-29 18:00:00,observed,19.1,1.5,1.8,97,,
2026-09-29 19:00:00,observed,18.9,1.0,1.7,98,,
2026-09-29 20:00:00,observed,18.8,0.5,1.2,96,,
2026-09-29 21:00:00,observed,18.6,0.0,1.8,95,,
2026-09-29 22:00:00,observed,18.6,0.5,1.9,95,,
2026-09-29 23:00:00,observed,18.2,0.5,1.0,93,,
2026-09-30 00:00:00,observed,18.3,0.0,2.6,93,,
2026-09-30 01:00:00,observed,18.4,0.0,1.8,89,,
2026-09-30 02:00:00,observed,18.3,0.0,2.1,92,,
2026-09-30 03:00:00,observed,18.5,0.0,2.8,93,,
2026-09-30 04:00:00,observed,18.3,0.0,2.0,93,,
2026-09-30 05:00:00,observed,18.3,0.0,1.8,91,,
2026-09-30 06:00:00,observed,18.5,0.0,2.1,87,,
2026-09-30 07:00:00,observed,18.6,0.0,2.4,84,,
2026-09-30 08:00:00,observed,19.3,0.0,2.4,82,,
2026-09-30 09:00:00,observed,20.0,0.0,2.3,79,,
2026-09-30 10:00:00,observed,21.8,0.0,3.3,74,,
2026-09-30 11:00:00,observed,23.4,0.0,3.0,66,,
2026-09-30 12:00:00,observed,25.3,0.0,2.4,65,,
2026-09-30 13:00:00,observed,24.9,0.0,3.3,66,,
2026-09-30 14:00:00,observed,26.3,0.0,3.1,61,,
2026-09-30 15:00:00,observed,26.6,0.0,3.1,58,,
2026-09-30 16:00:00,observed,26.5,0.0,2.5,58,,
2026-09-30 17:00:00,observed,25.6,0.0,1.1,64,,
2026-09-30 18:00:00,observed,24.6,0.0,1.9,69,,
2026-09-30 19:00:00,observed,23.9,0.0,1.4,73,,
2026-09-30 20:00:00,observed,23.1,0.0,2.5,71,,
2026-09-30 21:00:00,observed,22.1,0.0,3.2,73,,
2026-09-30 22:00:00,observed,21.6,0.0,2.5,76,,
2026-09-30 23:00:00,observed,21.0,0.0,1.9,80,,
2026-10-01 00:00:00,observed,21.0,0.0,2.1,79,,
2026-10-01 01:00:00,observed,20.4,0.0,1.8,85,,
2026-10-01 02:00:00,observed,20.5,0.0,1.4,85,,
2026-10-01 03:00:00,observed,20.3,0.0,2.1,84,,
2026-10-01 04:00:00,observed,19.4,0.0,1.9,87,,
2026-10-01 05:00:00,observed,18.9,0.0,1.2,90,,
2026-10-01 06:00:00,observed,18.8,0.0,0.8,92,,
2026-10-01 07:00:00,observed,20.1,0.0,0.2,88,,
2026-10-01 08:00:00,observed,21.4,0.0,1.3,82,,
2026-10-01 09:00:00,observed,23.4,0.0,0.8,70,,
2026-10-01 10:00:00,observed,25.3,0.0,1.2,58,,
2026-10-01 11:00:00,observed,26.8,0.0,1.4,51,,
2026-10-01 12:00:00,observed,27.5,0.0,0.9,45,,
2026-10-01 13:00:00,observed,28.8,0.0,2.2,40,,
2026-10-01 14:00:00,observed,28.8,0.0,2.1,46,,
2026-10-01 15:00:00,observed,28.0,0.0,1.9,49,,
2026-10-01 16:00:00,observed,27.8,0.0,2.4,52,,
2026-10-01 17:00:00,observed,26.8,0.0,2.1,57,,
2026-10-01 18:00:00,observed,25.5,0.0,2.6,57,,
2026-10-01 19:00:00,observed,25.4,0.0,2.1,56,,
2026-10-01 20:00:00,observed,24.0,0.0,1.8,63,,
2026-10-01 21:00:00,observed,23.8,0.0,2.1,65,,
2026-10-01 22:00:00,observed,23.4,0.0,1.8,66,,
2026-10-01 23:00:00,observed,22.9,0.0,2.0,71,,
2026-10-02 00:00:00,observed,22.5,0.0,1.2,74,,
2026-10-02 01:00:00,observed,23.0,0.0,1.4,70,,
2026-10-02 02:00:00,observed,22.8,0.0,1.4,68,,
2026-10-02 03:00:00,observed,22.0,0.0,2.8,73,,
2026-10-02 04:00:00,observed,21.7,0.0,3.2,75,,
2026-10-02 05:00:00,observed,21.4,0.0,3.1,71,,
2026-10-02 06:00:00,observed,20.6,0.0,2.6,71,,
2026-10-02 07:00:00,observed,21.0,0.0,3.8,65,,
2026-10-02 08:00:00,observed,21.6,0.0,3.5,62,,
2026-10-02 09:00:00,observed,23.8,0.0,5.4,53,,
2026-10-02 10:00:00,observed,24.1,0.0,5.3,48,,
2026-10-02 11:00:00,observed,25.2,0.0,3.2,46,,
2026-10-02 12:00:00,observed,26.4,0.0,4.4,44,,
2026-10-02 13:00:00,observed,26.0,0.0,2.3,41,,
2026-10-02 14:00:00,observed,25.6,0.0,4.2,37,,
2026-10-02 15:00:00,observed,26.0,0.0,3.5,40,,
2026-10-02 16:00:00,observed,25.0,0.0,4.1,39,,
2026-10-02 17:00:00,observed,23.9,0.0,4.1,39,,
2026-10-02 18:00:00,observed,22.8,0.0,4.4,43,,
2026-10-02 19:00:00,observed,22.4,0.0,2.8,45,,
2026-10-02 20:00:00,observed,21.3,0.0,2.2,52,,
2026-10-02 21:00:00,observed,20.8,0.0,2.7,53,,
2026-10-02 22:00:00,observed,20.4,0.0,1.6,56,,
2026-10-02 23:00:00,observed,21.0,0.0,2.3,53,,
2026-10-03 00:00:00,observed,20.1,0.0,1.9,58,,
2026-10-03 01:00:00,observed,19.5,0.0,2.0,61,,
2026-10-03 02:00:00,observed,18.3,0.0,0.6,67,,
2026-10-03 03:00:00,observed,18.4,0.0,2.0,67,,
2026-10-03 04:00:00,observed,17.8,0.0,1.9,70,,
2026-10-03 05:00:00,observed,17.7,0.0,1.5,71,,
2026-10-03 06:00:00,observed,17.2,0.0,1.3,75,,
2026-10-03 07:00:00,observed,18.1,0.0,1.6,69,,
2026-10-03 08:00:00,observed,19.3,0.0,2.9,63,,
2026-10-03 09:00:00,observed,20.6,0.0,3.6,55,,
2026-10-03 10:00:00,observed,22.2,0.0,3.3,52,,
2026-10-03 11:00:00,observed,23.4,0.0,3.2,50,,
2026-10-03 12:00:00,observed,24.5,0.0,2.4,44,,
2026-10-03 13:00:00,observed,25.2,0.0,3.5,42,,
2026-10-03 14:00:00,observed,25.6,0.0,3.0,40,,
2026-10-03 15:00:00,observed,25.8,0.0,3.7,41,,
2026-10-03 16:00:00,observed,25.4,0.0,4.0,43,,
2026-10-03 17:00:00,observed,24.0,0.0,4.5,47,,
2026-10-03 18:00:00,observed,22.5,0.0,5.1,50,,
2026-10-03 19:00:00,observed,21.4,0.0,5.6,55,,
2026-10-03 20:00:00,observed,20.7,0.0,3.5,59,,
2026-10-03 21:00:00,observed,20.7,0.0,4.3,59,,
2026-10-03 22:00:00,observed,20.1,0.0,3.0,61,,
2026-10-03 23:00:00,observed,20.4,0.0,3.0,61,,
2026-10-04 00:00:00,observed,20.4,0.0,2.8,61,,
2026-10-04 01:00:00,observed,20.4,0.0,3.1,62,,
2026-10-04 02:00:00,observed,20.3,0.0,3.7,64,,
2026-10-04 03:00:00,observed,20.0,0.0,4.1,68,,
2026-10-04 04:00:00,observed,19.9,0.0,3.9,70,,
2026-10-04 05:00:00,observed,20.1,0.0,3.7,71,,
2026-10-04 06:00:00,observed,20.4,0.0,4.1,72,,
2026-10-04 07:00:00,observed,20.8,0.0,3.7,71,,
2026-10-04 08:00:00,observed,21.1,0.0,3.3,70,,
2026-10-04 09:00:00,observed,20.7,0.0,2.2,75,,
2026-10-04 10:00:00,observed,20.0,0.5,3.7,81,,
2026-10-04 11:00:00,observed,19.6,1.0,2.5,87,,
2026-10-04 12:00:00,observed,19.9,1.5,3.8,90,,
2026-10-04 13:00:00,observed,19.1,0.5,4.6,91,,
2026-10-04 14:00:00,observed,19.0,3.0,4.9,94,,
2026-10-04 15:00:00,observed,18.8,2.0,4.2,94,,
2026-10-04 16:00:00,observed,18.6,2.0,2.4,95,,
2026-10-04 17:00:00,observed,18.7,2.0,1.7,97,,
2026-10-04 18:00:00,observed,18.1,1.0,2.4,96,,
2026-10-04 19:00:00,observed,18.4,0.0,3.4,94,,
2026-10-04 20:00:00,observed,18.7,0.0,2.6,93,,
2026-10-04 21:00:00,observed,18.6,0.5,3.0,92,,
2026-10-04 22:00:00,observed,18.6,0.0,2.9,92,,
2026-10-04 23:00:00,observed,18.7,0.0,1.9,90,,
2026-10-05 00:00:00,observed,18.6,0.0,2.8,91,,
2026-10-05 01:00:00,observed,18.9,0.0,2.8,88,,
2026-10-05 02:00:00,observed,18.7,0.0,3.1,88,,
2026-10-05 03:00:00,observed,18.9,0.0,3.0,88,,
2026-10-05 04:00:00,observed,18.9,0.0,2.1,87,,
2026-10-05 05:00:00,observed,19.0,0.0,2.4,85,,
2026-10-05 06:00:00,observed,18.9,0.0,3.0,85,,
2026-10-05 07:00:00,observed,19.3,0.0,2.7,83,,
2026-10-05 08:00:00,observed,19.6,0.5,2.1,84,,
2026-10-05 09:00:00,observed,20.4,0.0,2.0,80,,
2026-10-05 10:00:00,observed,20.9,0.0,2.1,80,,
2026-10-05 11:00:00,observed,21.4,0.0,1.8,80,,
2026-10-05 12:00:00,observed,21.5,0.0,1.9,76,,
2026-10-05 13:00:00,observed,21.3,0.0,1.8,82,,
2026-10-05 14:00:00,observed,21.3,0.5,1.2,80,,
2026-10-05 15:00:00,observed,20.1,1.0,2.0,85,,
2026-10-05 16:00:00,observed,19.4,2.5,0.1,92,,
2026-10-05 17:00:00,observed,19.2,2.0,0.5,96,,
2026-10-05 18:00:00,observed,19.1,1.0,0.9,95,,
2026-10-05 19:00:00,observed,19.1,0.5,0.4,96,,
2026-10-05 20:00:00,observed,19.2,1.0,0.5,97,,
2026-10-05 21:00:00,observed,19.2,1.0,0.2,98,,
2026-10-05 22:00:00,observed,19.4,0.0,0.9,97,,
2026-10-05 23:00:00,observed,19.4,0.0,0.5,96,,
2026-10-06 00:00:00,observed,19.6,0.0,0.5,97,,
2026-10-06 01:00:00,observed,19.4,0.0,0.9,97,,
2026-10-06 02:00:00,observed,19.5,0.0,0.6,97,,
2026-10-06 03:00:00,observed,19.6,0.0,0.5,96,,
2026-10-06 04:00:00,observed,19.6,0.0,0.7,95,,
2026-10-06 05:00:00,observed,19.6,0.0,0.8,89,,
2026-10-06 06:00:00,observed,19.4,0.0,0.7,87,,
2026-10-06 07:00:00,observed,19.7,0.0,1.5,84,,
2026-10-06 08:00:00,observed,20.1,0.0,2.7,77,,
2026-10-06 09:00:00,observed,20.6,0.0,3.5,70,,
2026-10-06 10:00:00,observed,22.8,0.0,3.4,60,,
2026-10-06 11:00:00,observed,23.7,0.0,3.2,56,,
2026-10-06 12:00:00,observed,24.1,0.0,4.4,52,,
2026-10-06 13:00:00,observed,24.0,0.0,4.3,51,,
2026-10-06 14:00:00,observed,24.5,0.0,4.2,47,,
2026-10-06 15:00:00,observed,25.4,0.0,3.4,40,,
2026-10-06 16:00:00,observed,24.7,0.0,4.1,41,,
2026-10-06 17:00:00,observed,23.4,0.0,4.2,45,,
2026-10-06 18:00:00,observed,22.0,0.0,4.2,54,,
2026-10-06 19:00:00,observed,20.9,0.0,2.0,58,,
2026-10-06 20:00:00,observed,20.9,0.0,2.4,59,,
2026-10-06 21:00:00,observed,20.4,0.0,2.5,63,,
2026-10-06 22:00:00,observed,19.7,0.0,2.8,68,,
2026-10-06 23:00:00,observed,19.1,0.0,2.0,71,,
2026-10-07 00:00:00,observed,18.8,0.0,2.1,71,,
2026-10-07 01:00:00,observed,18.6,0.0,2.1,71,,
2026-10-07 02:00:00,observed,18.7,0.0,2.0,69,,
2026-10-07 03:00:00,observed,18.9,0.0,1.3,67,,
2026-10-07 04:00:00,observed,18.6,0.0,0.2,68,,
2026-10-07 05:00:00,observed,18.9,0.0,0.8,65,,
2026-10-07 06:00:00,observed,18.5,0.0,1.6,67,,
2026-10-07 07:00:00,observed,18.8,0.0,1.2,66,,
2026-10-07 08:00:00,observed,19.8,0.0,1.2,58,,
2026-10-07 09:00:00,observed,21.5,0.0,1.8,54,,
2026-10-07 10:00:00,observed,23.1,0.0,1.5,46,,
2026-10-07 11:00:00,observed,23.9,0.0,3.0,41,,
2026-10-07 12:00:00,observed,24.5,0.0,4.1,43,,
2026-10-07 13:00:00,observed,25.0,0.0,4.7,35,,
2026-10-07 14:00:00,observed,24.2,0.0,5.1,39,,
2026-10-07 15:00:00,observed,24.4,0.0,5.1,36,,
2026-10-07 16:00:00,observed,23.5,0.0,4.3,36,,
2026-10-07 17:00:00,observed,22.1,0.0,5.1,42,,
2026-10-07 18:00:00,observed,21.1,0.0,3.4,45,,
2026-10-07 19:00:00,observed,20.4,0.0,2.7,49,,
2026-10-07 20:00:00,observed,19.5,0.0,2.1,55,,
2026-10-07 21:00:00,observed,19.0,0.0,1.1,56,,
2026-10-07 22:00:00,observed,18.8,0.0,1.1,59,,
2026-10-07 23:00:00,observed,18.3,0.0,0.9,62,,
2026-10-08 00:00:00,observed,17.5,0.0,0.9,66,,
2026-10-08 01:00:00,observed,16.8,0.0,1.0,70,,
2026-10-08 02:00:00,observed,16.2,0.0,0.6,74,,
2026-10-08 03:00:00,observed,15.9,0.0,1.2,77,,
2026-10-08 04:00:00,observed,15.3,0.0,1.7,79,,
2026-10-08 05:00:00,observed,15.1,0.0,1.8,79,,
2026-10-08 06:00:00,observed,14.8,0.0,1.5,80,,
2026-10-08 07:00:00,observed,15.5,0.0,1.6,77,,
2026-10-08 08:00:00,observed,16.9,0.0,2.0,69,,
2026-10-08 09:00:00,observed,19.6,0.0,2.5,57,,
2026-10-08 10:00:00,observed,21.1,0.0,3.2,47,,
2026-10-08 11:00:00,observed,23.1,0.0,1.9,41,,
2026-10-08 12:00:00,observed,24.6,0.0,3.1,38,,
2026-10-08 13:00:00,observed,26.1,0.0,2.1,38,,
2026-10-08 14:00:00,observed,26.2,0.0,3.0,40,,
2026-10-08 15:00:00,observed,25.9,0.0,1.8,38,,
2026-10-08 16:00:00,observed,26.0,0.0,1.6,38,,
2026-10-08 17:00:00,observed,24.9,0.0,2.2,43,,
2026-10-08 18:00:00,observed,23.8,0.0,3.6,47,,
2026-10-08 19:00:00,observed,22.2,0.0,2.8,51,,
2026-10-08 20:00:00,observed,21.5,0.0,2.7,52,,
2026-10-08 21:00:00,observed,21.0,0.0,2.7,55,,
2026-10-08 22:00:00,observed,20.7,0.0,3.1,56,,
2026-10-08 23:00:00,observed,20.2,0.0,3.1,58,,
2026-10-09 00:00:00,observed,19.4,0.0,2.7,62,,
2026-10-09 01:00:00,observed,18.9,0.0,2.9,64,,
2026-10-09 02:00:00,observed,18.6,0.0,3.0,66,,
2026-10-09 03:00:00,observed,18.4,0.0,2.2,68,,
2026-10-09 04:00:00,observed,18.3,0.0,2.6,71,,
2026-10-09 05:00:00,observed,18.4,0.0,2.2,74,,
2026-10-09 06:00:00,observed,18.4,0.0,2.8,76,,
2026-10-09 07:00:00,observed,18.7,0.0,2.7,76,,
2026-10-09 08:00:00,observed,20.5,0.0,3.0,73,,
2026-10-09 09:00:00,observed,22.3,0.0,2.3,67,,
2026-10-09 10:00:00,observed,24.1,0.0,2.4,59,,
2026-10-09 11:00:00,observed,25.3,0.0,2.6,53,,
2026-10-09 12:00:00,observed,26.4,0.0,0.7,48,,
2026-10-09 13:00:00,observed,27.8,0.0,1.5,43,,
2026-10-09 14:00:00,observed,28.1,0.0,1.5,42,,
2026-10-09 15:00:00,observed,28.7,0.0,2.9,43,,
2026-10-09 16:00:00,observed,28.0,0.0,2.9,43,,
2026-10-09 17:00:00,observed,27.1,0.0,2.4,45,,
2026-10-09 18:00:00,observed,26.3,0.0,2.9,49,,
2026-10-09 19:00:00,observed,25.1,0.0,1.5,53,,
2026-10-09 20:00:00,observed,24.6,0.0,0.5,56,,
2026-10-09 21:00:00,observed,23.1,0.0,1.4,66,,
2026-10-09 22:00:00,observed,22.3,0.0,1.9,69,,
2026-10-09 23:00:00,observed,21.3,0.0,1.2,74,,
2026-10-10 00:00:00,observed,21.2,0.0,2.0,72,,
2026-10-10 01:00:00,forecast,19.8,0.0,2.44,82,0.0,2026-10-10T13:44+00:00
2026-10-10 02:00:00,forecast,19.3,0.0,2.62,83,0.0,2026-10-10T13:44+00:00
2026-10-10 03:00:00,forecast,19.0,0.0,2.64,84,0.0,2026-10-10T13:44+00:00
2026-10-10 04:00:00,forecast,18.7,0.0,2.9,85,0.0,2026-10-10T13:44+00:00
2026-10-10 05:00:00,forecast,18.4,0.0,2.97,86,0.0,2026-10-10T13:44+00:00
2026-10-10 06:00:00,forecast,18.1,0.0,2.77,90,0.0,2026-10-10T13:44+00:00
2026-10-10 07:00:00,forecast,18.2,0.0,2.64,88,0.0,2026-10-10T13:44+00:00
2026-10-10 08:00:00,forecast,18.9,0.0,2.37,83,0.0,2026-10-10T13:44+00:00
2026-10-10 09:00:00,forecast,20.2,0.0,1.75,76,0.0,2026-10-10T13:44+00:00
2026-10-10 10:00:00,forecast,21.8,0.0,1.2,69,0.0,2026-10-10T13:44+00:00
2026-10-10 11:00:00,forecast,23.1,0.0,0.98,63,0.0,2026-10-10T13:44+00:00
2026-10-10 12:00:00,forecast,24.0,0.0,1.92,60,0.0,2026-10-10T13:44+00:00
2026-10-10 13:00:00,forecast,24.4,0.0,2.4,58,0.0,2026-10-10T13:44+00:00
2026-10-10 14:00:00,forecast,24.6,0.0,2.98,59,0.0,2026-10-10T13:44+00:00
2026-10-10 15:00:00,forecast,24.8,0.0,2.77,60,0.0,2026-10-10T13:44+00:00
2026-10-10 16:00:00,forecast,25.0,0.0,3.32,59,0.0,2026-10-10T13:44+00:00
2026-10-10 17:00:00,forecast,24.9,0.0,3.22,54,0.0,2026-10-10T13:44+00:00
2026-10-10 18:00:00,forecast,24.6,0.0,3.3,63,0.0,2026-10-10T13:44+00:00
2026-10-10 19:00:00,forecast,24.4,0.0,2.4,63,1.0,2026-10-10T13:44+00:00
2026-10-10 20:00:00,forecast,23.5,0.0,1.84,63,1.0,2026-10-10T13:44+00:00
2026-10-10 21:00:00,forecast,23.0,0.0,1.14,65,1.0,2026-10-10T13:44+00:00
2026-10-10 22:00:00,forecast,22.4,0.0,1.5,68,0.0,2026-10-10T13:44+00:00
2026-10-10 23:00:00,forecast,21.6,0.0,1.44,73,0.0,2026-10-10T13:44+00:00
2026-10-11 00:00:00,forecast,20.6,0.0,1.92,76,0.0,2026-10-10T13:44+00:00
2026-10-11 01:00:00,forecast,20.0,0.0,2.11,77,0.0,2026-10-10T13:44+00:00
2026-10-11 02:00:00,forecast,19.6,0.0,2.06,77,0.0,2026-10-10T13:44+00:00
2026-10-11 03:00:00,forecast,19.3,0.0,2.05,79,0.0,2026-10-10T13:44+00:00
2026-10-11 04:00:00,forecast,19.0,0.0,2.33,81,0.0,2026-10-10T13:44+00:00
2026-10-11 05:00:00,forecast,18.7,0.0,2.06,82,0.0,2026-10-10T13:44+00:00
2026-10-11 06:00:00,forecast,18.5,0.0,2.69,82,0.0,2026-10-10T13:44+00:00
2026-10-11 07:00:00,forecast,18.7,0.0,2.28,81,0.0,2026-10-10T13:44+00:00
2026-10-11 08:00:00,forecast,19.6,0.0,1.75,76,0.0,2026-10-10T13:44+00:00
2026-10-11 09:00:00,forecast,20.6,0.0,1.12,72,0.0,2026-10-10T13:44+00:00
2026-10-11 10:00:00,forecast,21.6,0.0,0.8,69,1.0,2026-10-10T13:44+00:00
2026-10-11 11:00:00,forecast,22.6,0.0,0.82,66,1.0,2026-10-10T13:44+00:00
2026-10-11 12:00:00,forecast,23.9,0.0,0.36,61,1.0,2026-10-10T13:44+00:00
2026-10-11 13:00:00,forecast,24.9,0.0,1.92,59,1.0,2026-10-10T13:44+00:00
2026-10-11 14:00:00,forecast,24.4,0.0,2.55,66,0.0,2026-10-10T13:44+00:00
2026-10-11 15:00:00,forecast,24.5,0.0,2.53,66,0.0,2026-10-10T13:44+00:00
2026-10-11 16:00:00,forecast,24.7,0.0,2.32,65,0.0,2026-10-10T13:44+00:00
2026-10-11 17:00:00,forecast,25.3,0.0,2.14,61,0.0,2026-10-10T13:44+00:00
2026-10-11 18:00:00,forecast,24.7,0.0,3.98,59,0.0,2026-10-10T13:44+00:00
2026-10-11 19:00:00,forecast,23.6,0.0,4.1,63,0.0,2026-10-10T13:44+00:00
2026-10-11 20:00:00,forecast,22.8,0.0,3.86,68,0.0,2026-10-10T13:44+00:00
2026-10-11 21:00:00,forecast,22.2,0.0,3.4,72,0.0,2026-10-10T13:44+00:00
2026-10-11 22:00:00,forecast,21.9,0.0,2.64,74,1.0,2026-10-10T13:44+00:00
2026-10-11 23:00:00,forecast,21.6,0.0,1.92,76,1.0,2026-10-10T13:44+00:00
2026-10-12 00:00:00,forecast,21.4,0.0,1.89,78,1.0,2026-10-10T13:44+00:00
2026-10-12 01:00:00,forecast,21.1,0.0,1.68,80,2.0,2026-10-10T13:44+00:00
2026-10-12 02:00:00,forecast,20.9,0.0,2.06,81,3.0,2026-10-10T13:44+00:00
2026-10-12 03:00:00,forecast,20.7,0.0,2.38,81,1.0,2026-10-10T13:44+00:00
2026-10-12 04:00:00,forecast,20.5,0.0,2.19,82,1.0,2026-10-10T13:44+00:00
2026-10-12 05:00:00,forecast,20.3,0.0,2.42,82,1.0,2026-10-10T13:44+00:00
2026-10-12 06:00:00,forecast,20.1,0.0,2.02,82,2.0,2026-10-10T13:44+00:00
2026-10-12 07:00:00,forecast,20.2,0.0,1.84,81,1.0,2026-10-10T13:44+00:00
2026-10-12 08:00:00,forecast,20.3,0.0,2.01,80,2.0,2026-10-10T13:44+00:00
2026-10-12 09:00:00,forecast,20.7,0.0,2.28,78,2.0,2026-10-10T13:44+00:00
2026-10-12 10:00:00,forecast,21.2,0.0,2.47,68,2.0,2026-10-10T13:44+00:00
2026-10-12 11:00:00,forecast,22.0,0.0,2.46,64,1.0,2026-10-10T13:44+00:00
2026-10-12 12:00:00,forecast,22.7,0.0,1.92,61,1.0,2026-10-10T13:44+00:00
2026-10-12 13:00:00,forecast,23.4,0.0,1.06,60,1.0,2026-10-10T13:44+00:00
2026-10-12 14:00:00,forecast,23.8,0.0,0.3,58,1.0,2026-10-10T13:44+00:00
2026-10-12 15:00:00,forecast,24.2,0.0,0.72,57,1.0,2026-10-10T13:44+00:00
2026-10-12 16:00:00,forecast,24.2,0.0,1.39,58,1.0,2026-10-10T13:44+00:00
2026-10-12 17:00:00,forecast,24.0,0.0,1.57,60,0.0,2026-10-10T13:44+00:00
2026-10-12 18:00:00,forecast,23.7,0.0,1.41,63,0.0,2026-10-10T13:44+00:00
2026-10-12 19:00:00,forecast,23.3,0.0,1.46,68,0.0,2026-10-10T13:44+00:00
2026-10-12 20:00:00,forecast,22.8,0.0,1.39,73,0.0,2026-10-10T13:44+00:00
2026-10-12 21:00:00,forecast,22.1,0.0,1.6,75,0.0,2026-10-10T13:44+00:00
2026-10-12 22:00:00,forecast,21.6,0.0,1.78,74,0.0,2026-10-10T13:44+00:00
2026-10-12 23:00:00,forecast,21.0,0.0,2.05,78,0.0,2026-10-10T13:44+00:00
2026-10-13 00:00:00,forecast,20.4,0.0,2.33,82,0.0,2026-10-10T13:44+00:00
2026-10-13 01:00:00,forecast,20.1,0.0,2.42,85,0.0,2026-10-10T13:44+00:00
2026-10-13 02:00:00,forecast,19.8,0.0,2.2,86,0.0,2026-10-10T13:44+00:00
2026-10-13 03:00:00,forecast,19.6,0.0,2.41,87,1.0,2026-10-10T13:44+00:00
2026-10-13 04:00:00,forecast,19.6,0.0,2.56,87,1.0,2026-10-10T13:44+00:00
2026-10-13 05:00:00,forecast,19.5,0.0,2.58,87,1.0,2026-10-10T13:44+00:00
2026-10-13 06:00:00,forecast,19.4,0.0,2.64,86,1.0,2026-10-10T13:44+00:00
2026-10-13 07:00:00,forecast,19.5,0.0,2.75,85,1.0,2026-10-10T13:44+00:00
2026-10-13 08:00:00,forecast,20.2,0.0,2.42,81,1.0,2026-10-10T13:44+00:00
2026-10-13 09:00:00,forecast,21.3,0.0,2.16,75,1.0,2026-10-10T13:44+00:00
2026-10-13 10:00:00,forecast,22.7,0.0,1.72,69,0.0,2026-10-10T13:44+00:00
2026-10-13 11:00:00,forecast,23.9,0.0,0.4,61,1.0,2026-10-10T13:44+00:00
2026-10-13 12:00:00,forecast,24.4,0.0,1.43,59,1.0,2026-10-10T13:44+00:00
2026-10-13 13:00:00,forecast,24.8,0.0,1.55,58,1.0,2026-10-10T13:44+00:00
2026-10-13 14:00:00,forecast,25.1,0.0,1.83,59,2.0,2026-10-10T13:44+00:00
2026-10-13 15:00:00,forecast,25.1,0.0,2.37,61,2.0,2026-10-10T13:44+00:00
2026-10-13 16:00:00,forecast,25.1,0.0,2.44,63,3.0,2026-10-10T13:44+00:00
2026-10-13 17:00:00,forecast,24.7,0.0,2.33,65,3.0,2026-10-10T13:44+00:00
2026-10-13 18:00:00,forecast,24.1,0.0,2.16,68,2.0,2026-10-10T13:44+00:00
2026-10-13 19:00:00,forecast,23.5,0.0,2.12,71,2.0,2026-10-10T13:44+00:00
2026-10-13 20:00:00,forecast,23.0,0.0,2.12,73,2.0,2026-10-10T13:44+00:00
2026-10-13 21:00:00,forecast,22.7,0.0,2.3,75,2.0,2026-10-10T13:44+00:00
2026-10-13 22:00:00,forecast,22.5,0.0,2.5,76,2.0,2026-10-10T13:44+00:00
2026-10-13 23:00:00,forecast,22.5,0.0,2.71,77,1.0,2026-10-10T13:44+00:00
2026-10-14 00:00:00,forecast,22.5,0.0,2.83,77,1.0,2026-10-10T13:44+00:00
2026-10-14 01:00:00,forecast,22.6,0.0,3.06,78,1.0,2026-10-10T13:44+00:00
2026-10-14 02:00:00,forecast,22.6,0.0,3.13,78,1.0,2026-10-10T13:44+00:00
2026-10-14 03:00:00,forecast,22.6,0.0,3.2,79,1.0,2026-10-10T13:44+00:00
2026-10-14 04:00:00,forecast,22.6,0.7,3.09,81,53.0,2026-10-10T13:44+00:00
2026-10-14 05:00:00,forecast,22.6,0.7,3.05,83,53.0,2026-10-10T13:44+00:00
2026-10-14 06:00:00,forecast,22.5,0.7,2.98,85,53.0,2026-10-10T13:44+00:00
2026-10-14 07:00:00,forecast,22.5,0.7,2.83,87,53.0,2026-10-10T13:44+00:00
2026-10-14 08:00:00,forecast,22.5,0.7,2.75,88,53.0,2026-10-10T13:44+00:00
2026-10-14 09:00:00,forecast,22.5,0.7,2.42,88,53.0,2026-10-10T13:44+00:00
2026-10-14 10:00:00,forecast,22.7,0.8,1.92,85,53.0,2026-10-10T13:44+00:00
2026-10-14 11:00:00,forecast,22.9,0.8,1.39,81,53.0,2026-10-10T13:44+00:00
2026-10-14 12:00:00,forecast,23.1,0.8,1.57,76,53.0,2026-10-10T13:44+00:00
2026-10-14 13:00:00,forecast,23.3,0.8,2.2,71,53.0,2026-10-10T13:44+00:00
2026-10-14 14:00:00,forecast,23.4,0.8,2.96,66,53.0,2026-10-10T13:44+00:00
2026-10-14 15:00:00,forecast,23.3,0.8,3.45,64,53.0,2026-10-10T13:44+00:00
2026-10-14 16:00:00,forecast,22.9,0.0,3.48,64,1.0,2026-10-10T13:44+00:00
2026-10-14 17:00:00,forecast,22.3,0.0,3.29,65,1.0,2026-10-10T13:44+00:00
2026-10-14 18:00:00,forecast,21.5,0.0,2.88,68,1.0,2026-10-10T13:44+00:00
2026-10-14 19:00:00,forecast,20.7,0.0,2.38,71,1.0,2026-10-10T13:44+00:00
2026-10-14 20:00:00,forecast,20.0,0.0,1.93,74,1.0,2026-10-10T13:44+00:00
2026-10-14 21:00:00,forecast,19.5,0.0,1.66,76,1.0,2026-10-10T13:44+00:00
2026-10-14 22:00:00,forecast,19.0,0.0,1.48,78,1.0,2026-10-10T13:44+00:00
2026-10-14 23:00:00,forecast,18.6,0.0,1.36,80,1.0,2026-10-10T13:44+00:00
2026-10-15 00:00:00,forecast,18.3,0.0,1.35,82,1.0,2026-10-10T13:44+00:00
2026-10-15 01:00:00,forecast,18.1,0.0,1.35,83,1.0,2026-10-10T13:44+00:00
2026-10-15 02:00:00,forecast,17.9,0.0,1.36,84,1.0,2026-10-10T13:44+00:00
2026-10-15 03:00:00,forecast,17.9,0.0,1.44,84,1.0,2026-10-10T13:44+00:00
2026-10-15 04:00:00,forecast,18.0,0.0,1.58,83,1.0,2026-10-10T13:44+00:00
2026-10-15 05:00:00,forecast,18.3,0.0,1.8,81,1.0,2026-10-10T13:44+00:00
2026-10-15 06:00:00,forecast,18.7,0.0,2.08,78,1.0,2026-10-10T13:44+00:00
2026-10-15 07:00:00,forecast,19.1,0.0,2.34,75,0.0,2026-10-10T13:44+00:00
2026-10-15 08:00:00,forecast,19.5,0.0,2.55,72,0.0,2026-10-10T13:44+00:00
2026-10-15 09:00:00,forecast,20.0,0.0,2.76,69,0.0,2026-10-10T13:44+00:00
2026-10-15 10:00:00,forecast,20.5,0.0,2.92,66,0.0,2026-10-10T13:44+00:00
2026-10-15 11:00:00,forecast,21.1,0.0,3.18,61,0.0,2026-10-10T13:44+00:00
2026-10-15 12:00:00,forecast,21.8,0.0,3.45,57,0.0,2026-10-10T13:44+00:00
2026-10-15 13:00:00,forecast,22.4,0.0,3.74,53,0.0,2026-10-10T13:44+00:00
2026-10-15 14:00:00,forecast,22.7,0.0,3.96,50,0.0,2026-10-10T13:44+00:00
2026-10-15 15:00:00,forecast,22.7,0.0,3.95,49,0.0,2026-10-10T13:44+00:00
2026-10-15 16:00:00,forecast,22.2,0.0,3.75,50,0.0,2026-10-10T13:44+00:00
2026-10-15 17:00:00,forecast,21.3,0.0,3.28,52,0.0,2026-10-10T13:44+00:00
2026-10-15 18:00:00,forecast,20.3,0.0,2.75,56,0.0,2026-10-10T13:44+00:00
2026-10-15 19:00:00,forecast,19.1,0.0,2.28,60,0.0,2026-10-10T13:44+00:00
2026-10-15 20:00:00,forecast,18.0,0.0,1.84,64,0.0,2026-10-10T13:44+00:00
2026-10-15 21:00:00,forecast,17.2,0.0,1.64,67,0.0,2026-10-10T13:44+00:00
2026-10-15 22:00:00,forecast,16.5,0.0,1.48,70,0.0,2026-10-10T13:44+00:00
2026-10-15 23:00:00,forecast,15.7,0.0,1.43,74,0.0,2026-10-10T13:44+00:00
2026-10-16 00:00:00,forecast,15.1,0.0,1.36,77,0.0,2026-10-10T13:44+00:00
2026-10-16 01:00:00,forecast,14.6,0.0,1.26,80,0.0,2026-10-10T13:44+00:00
2026-10-16 02:00:00,forecast,14.3,0.0,1.26,82,0.0,2026-10-10T13:44+00:00
2026-10-16 03:00:00,forecast,14.4,0.0,1.26,83,0.0,2026-10-10T13:44+00:00
2026-10-16 04:00:00,forecast,14.9,0.0,1.3,82,0.0,2026-10-10T13:44+00:00
2026-10-16 05:00:00,forecast,15.7,0.0,1.53,78,0.0,2026-10-10T13:44+00:00
2026-10-16 06:00:00,forecast,16.8,0.0,1.78,74,0.0,2026-10-10T13:44+00:00
2026-10-16 07:00:00,forecast,18.0,0.0,2.05,70,0.0,2026-10-10T13:44+00:00
2026-10-16 08:00:00,forecast,19.2,0.0,2.26,66,0.0,2026-10-10T13:44+00:00
2026-10-16 09:00:00,forecast,20.2,0.0,2.4,63,0.0,2026-10-10T13:44+00:00
2026-10-16 10:00:00,forecast,21.1,0.0,2.41,61,0.0,2026-10-10T13:44+00:00
2026-10-16 11:00:00,forecast,22.0,0.0,2.39,60,1.0,2026-10-10T13:44+00:00
2026-10-16 12:00:00,forecast,22.9,0.0,2.42,58,1.0,2026-10-10T13:44+00:00
2026-10-16 13:00:00,forecast,23.7,0.0,2.47,58,1.0,2026-10-10T13:44+00:00
2026-10-16 14:00:00,forecast,24.2,0.0,2.62,58,2.0,2026-10-10T13:44+00:00
2026-10-16 15:00:00,forecast,24.4,0.0,2.71,58,2.0,2026-10-10T13:44+00:00
2026-10-16 16:00:00,forecast,24.2,0.0,2.81,59,2.0,2026-10-10T13:44+00:00
2026-10-16 17:00:00,forecast,23.6,0.0,2.83,62,2.0,2026-10-10T13:44+00:00
2026-10-16 18:00:00,forecast,22.7,0.0,2.86,64,2.0,2026-10-10T13:44+00:00
2026-10-16 19:00:00,forecast,21.8,0.0,2.91,67,2.0,2026-10-10T13:44+00:00
2026-10-16 20:00:00,forecast,21.0,0.0,2.97,70,2.0,2026-10-10T13:44+00:00
2026-10-16 21:00:00,forecast,20.5,0.0,3.05,72,2.0,2026-10-10T13:44+00:00
2026-10-16 22:00:00,forecast,20.2,0.0,3.09,73,2.0,2026-10-10T13:44+00:00
2026-10-16 23:00:00,forecast,20.1,0.0,3.09,75,2.0,2026-10-10T13:44+00:00
2026-10-17 00:00:00,forecast,20.1,0.0,3.05,76,2.0,2026-10-10T13:44+00:00
2026-10-17 01:00:00,forecast,20.2,0.0,3.16,77,2.0,2026-10-10T13:44+00:00
2026-10-17 02:00:00,forecast,20.4,0.0,3.14,77,2.0,2026-10-10T13:44+00:00
2026-10-17 03:00:00,forecast,20.7,0.0,3.06,77,2.0,2026-10-10T13:44+00:00
2026-10-17 04:00:00,forecast,21.1,0.0,2.98,76,2.0,2026-10-10T13:44+00:00
2026-10-17 05:00:00,forecast,21.6,0.0,2.92,75,2.0,2026-10-10T13:44+00:00
2026-10-17 06:00:00,forecast,22.2,0.0,2.84,74,2.0,2026-10-10T13:44+00:00
2026-10-17 07:00:00,forecast,22.8,0.0,2.78,72,2.0,2026-10-10T13:44+00:00
2026-10-17 08:00:00,forecast,23.4,0.0,2.64,71,2.0,2026-10-10T13:44+00:00
2026-10-17 09:00:00,forecast,23.9,0.0,2.5,70,3.0,2026-10-10T13:44+00:00
2026-10-17 10:00:00,forecast,24.3,0.1,2.28,70,51.0,2026-10-10T13:44+00:00
2026-10-17 11:00:00,forecast,24.6,0.1,2.13,70,51.0,2026-10-10T13:44+00:00
2026-10-17 12:00:00,forecast,25.0,0.1,1.91,70,51.0,2026-10-10T13:44+00:00
2026-10-17 13:00:00,forecast,25.2,0.1,1.7,70,51.0,2026-10-10T13:44+00:00
2026-10-17 14:00:00,forecast,25.3,0.1,1.56,71,51.0,2026-10-10T13:44+00:00
2026-10-17 15:00:00,forecast,25.3,0.1,1.5,72,51.0,2026-10-10T13:44+00:00
2026-10-17 16:00:00,forecast,25.0,0.1,1.56,73,51.0,2026-10-10T13:44+00:00
2026-10-17 17:00:00,forecast,24.6,0.1,1.63,75,51.0,2026-10-10T13:44+00:00
2026-10-17 18:00:00,forecast,24.0,0.1,1.84,78,51.0,2026-10-10T13:44+00:00
2026-10-17 19:00:00,forecast,23.4,0.1,2.06,80,51.0,2026-10-10T13:44+00:00
2026-10-17 20:00:00,forecast,22.8,0.1,2.28,82,51.0,2026-10-10T13:44+00:00
2026-10-17 21:00:00,forecast,22.3,0.1,2.42,84,51.0,2026-10-10T13:44+00:00
2026-10-17 22:00:00,forecast,22.0,0.2,2.56,86,51.0,2026-10-10T13:44+00:00
2026-10-17 23:00:00,forecast,21.6,0.2,2.62,87,51.0,2026-10-10T13:44+00:00
2026-10-18 00:00:00,forecast,21.3,0.2,2.76,88,51.0,2026-10-10T13:44+00:00
2026-10-18 01:00:00,forecast,21.0,0.2,2.83,89,51.0,2026-10-10T13:44+00:00
2026-10-18 02:00:00,forecast,20.9,0.2,2.83,90,51.0,2026-10-10T13:44+00:00
2026-10-18 03:00:00,forecast,20.9,0.2,2.91,90,51.0,2026-10-10T13:44+00:00
2026-10-18 04:00:00,forecast,21.2,0.2,2.98,89,51.0,2026-10-10T13:44+00:00
2026-10-18 05:00:00,forecast,21.6,0.2,2.98,87,51.0,2026-10-10T13:44+00:00
2026-10-18 06:00:00,forecast,22.2,0.2,3.06,85,51.0,2026-10-10T13:44+00:00
2026-10-18 07:00:00,forecast,22.7,0.2,3.06,83,51.0,2026-10-10T13:44+00:00
2026-10-18 08:00:00,forecast,23.3,0.2,3.0,81,51.0,2026-10-10T13:44+00:00
2026-10-18 09:00:00,forecast,23.7,0.2,2.8,80,51.0,2026-10-10T13:44+00:00
2026-10-18 10:00:00,forecast,24.0,0.3,2.56,80,51.0,2026-10-10T13:44+00:00
2026-10-18 11:00:00,forecast,24.2,0.3,2.19,81,51.0,2026-10-10T13:44+00:00
2026-10-18 12:00:00,forecast,24.4,0.3,1.84,82,51.0,2026-10-10T13:44+00:00
2026-10-18 13:00:00,forecast,24.6,0.3,1.5,84,51.0,2026-10-10T13:44+00:00
2026-10-18 14:00:00,forecast,24.6,0.3,1.36,86,51.0,2026-10-10T13:44+00:00
2026-10-18 15:00:00,forecast,24.6,0.3,1.25,87,51.0,2026-10-10T13:44+00:00
2026-10-18 16:00:00,forecast,24.4,1.2,1.08,88,55.0,2026-10-10T13:44+00:00
2026-10-18 17:00:00,forecast,24.0,1.2,0.86,90,55.0,2026-10-10T13:44+00:00
2026-10-18 18:00:00,forecast,23.6,1.2,0.63,91,55.0,2026-10-10T13:44+00:00
2026-10-18 19:00:00,forecast,23.1,1.2,0.4,93,55.0,2026-10-10T13:44+00:00
2026-10-18 20:00:00,forecast,22.6,1.2,0.28,94,55.0,2026-10-10T13:44+00:00
2026-10-18 21:00:00,forecast,22.3,1.2,0.41,95,55.0,2026-10-10T13:44+00:00
2026-10-18 22:00:00,forecast,22.0,0.1,0.5,96,51.0,2026-10-10T13:44+00:00
2026-10-18 23:00:00,forecast,21.6,0.1,0.51,97,51.0,2026-10-10T13:44+00:00
