timestamp,n_segments,relative_speed_mean,relative_speed_min
2026-09-27T14:00:00+00:00,17,0.9871,0.78
2026-09-27T23:48:00+00:00,310,0.6172,0.11
2026-09-28T05:26:00+00:00,202,0.6919,0.21
2026-09-28T13:58:00+00:00,18,0.9772,0.79
2026-09-29T01:01:00+00:00,202,0.7205,0.12
2026-09-29T06:56:00+00:00,196,0.7025,0.38
2026-09-29T14:05:00+00:00,18,0.9589,0.47
2026-09-30T00:29:00+00:00,210,0.7097,0.21
2026-09-30T06:45:00+00:00,217,0.7201,0.33
2026-09-30T13:46:00+00:00,26,0.8615,0.13
2026-10-01T00:34:00+00:00,252,0.714,0.17
2026-10-01T07:13:00+00:00,219,0.6874,0.13
2026-10-01T14:32:00+00:00,16,1.0,1.0
2026-10-02T00:48:00+00:00,196,0.7163,0.2
2026-10-02T02:59:00+00:00,180,0.7296,0.37
2026-10-02T07:01:00+00:00,233,0.6889,0.3
2026-10-02T13:53:00+00:00,26,0.9162,0.73
2026-10-03T00:31:00+00:00,175,0.7301,0.24
2026-10-03T06:35:00+00:00,252,0.7065,0.29
2026-10-03T12:35:00+00:00,49,0.8084,0.41
2026-10-03T23:47:00+00:00,51,0.8082,0.43
2026-10-04T05:55:00+00:00,178,0.7094,0.32
2026-10-04T12:24:00+00:00,35,0.8266,0.4
2026-10-04T23:58:00+00:00,249,0.6485,0.25
2026-10-05T14:43:00+00:00,17,1.0,1.0
2026-10-06T01:46:00+00:00,146,0.7417,0.37
2026-10-06T09:00:00+00:00,283,0.6239,0.16
2026-10-06T15:58:00+00:00,17,1.0,1.0
2026-10-07T00:44:00+00:00,172,0.7383,0.37
2026-10-07T07:16:00+00:00,261,0.6766,0.17
2026-10-07T15:34:00+00:00,17,1.0,1.0
2026-10-08T01:01:00+00:00,213,0.721,0.33
2026-10-08T07:27:00+00:00,228,0.6637,0.04
2026-10-08T15:39:00+00:00,17,1.0,1.0
2026-10-09T01:14:00+00:00,188,0.7095,0.15
