snapshot_date,stay_date,lead_days,hotels_listed,hotels_vacant,min_charge
2026-09-28,2026-09-29,1,25,16,10900.0
2026-09-28,2026-10-05,7,25,14,12400.0
2026-09-28,2026-10-28,30,25,15,16900.0
2026-09-29,2026-09-30,1,25,12,10900.0
2026-09-29,2026-10-06,7,25,16,12400.0
2026-09-29,2026-10-29,30,25,13,16900.0
2026-09-30,2026-10-01,1,25,12,10900.0
2026-09-30,2026-10-07,7,25,13,12400.0
2026-09-30,2026-10-30,30,25,14,12400.0
2026-10-01,2026-10-02,1,26,13,10900.0
2026-10-01,2026-10-08,7,26,14,12400.0
2026-10-01,2026-10-31,30,26,9,34000.0
2026-10-02,2026-10-03,1,26,10,14900.0
2026-10-02,2026-10-09,7,26,12,20900.0
2026-10-02,2026-11-01,30,26,13,16900.0
2026-10-03,2026-10-04,1,26,14,12900.0
2026-10-03,2026-10-10,7,26,7,48000.0
2026-10-03,2026-11-02,30,26,15,21000.0
2026-10-04,2026-10-05,1,26,14,12400.0
2026-10-04,2026-10-11,7,26,6,36240.0
2026-10-04,2026-11-03,30,26,15,23660.0
2026-10-05,2026-10-06,1,26,14,12400.0
2026-10-05,2026-10-12,7,26,15,12400.0
2026-10-05,2026-11-04,30,26,13,12400.0
2026-10-06,2026-10-07,1,26,12,12400.0
2026-10-06,2026-10-13,7,26,11,18900.0
2026-10-06,2026-11-05,30,26,14,12400.0
2026-10-07,2026-10-08,1,26,12,12400.0
2026-10-07,2026-10-14,7,26,14,12400.0
2026-10-07,2026-11-06,30,26,14,12400.0
2026-10-08,2026-10-09,1,26,11,12400.0
2026-10-08,2026-10-15,7,26,13,12400.0
2026-10-08,2026-11-07,30,26,11,30000.0
