date,volume_total,volume_upstream,volume_downstream,hours_observed
2026-06-30,10932.0,5700.0,5232.0,11
2026-07-01,9373.0,4873.0,4500.0,10
2026-07-02,10641.0,5594.0,5047.0,11
2026-07-03,10237.0,5436.0,4801.0,10
2026-07-04,19892.0,10937.0,8955.0,21
2026-07-05,17664.0,9200.0,8464.0,24
2026-07-06,20772.0,11564.0,9208.0,24
2026-07-07,20973.0,11661.0,9312.0,24
2026-07-08,21055.0,11620.0,9435.0,24
2026-07-09,21034.0,11648.0,9386.0,24
2026-07-10,22153.0,12251.0,9902.0,24
2026-07-11,20203.0,10956.0,9247.0,24
2026-07-12,17255.0,9116.0,8139.0,24
2026-07-13,20736.0,11453.0,9283.0,24
2026-07-14,21231.0,11725.0,9506.0,24
2026-07-15,21155.0,11631.0,9524.0,24
2026-07-16,21156.0,11648.0,9508.0,24
2026-07-17,21623.0,11847.0,9776.0,24
2026-07-18,21079.0,11458.0,9621.0,24
2026-07-19,18099.0,9492.0,8607.0,24
2026-07-20,16783.0,8934.0,7849.0,24
2026-07-21,21032.0,11539.0,9493.0,24
2026-07-22,21122.0,11590.0,9532.0,24
2026-07-23,20748.0,10979.0,9769.0,24
2026-07-24,21974.0,12130.0,9844.0,24
2026-07-25,20523.0,11044.0,9479.0,24
2026-07-26,17503.0,9235.0,8268.0,24
2026-07-27,21267.0,11810.0,9457.0,24
2026-07-28,21304.0,11763.0,9541.0,24
2026-07-29,21181.0,11649.0,9532.0,24
2026-07-30,21564.0,11878.0,9686.0,24
2026-07-31,22224.0,12312.0,9912.0,24
2026-08-01,21104.0,11395.0,9709.0,24
2026-08-02,17046.0,9016.0,8030.0,24
2026-08-03,21188.0,11652.0,9536.0,24
2026-08-04,21592.0,11770.0,9822.0,24
2026-08-05,21648.0,11954.0,9694.0,24
2026-08-06,22140.0,12200.0,9940.0,24
2026-08-07,22693.0,12560.0,10133.0,24
2026-08-08,20731.0,11181.0,9550.0,24
2026-08-09,17835.0,9393.0,8442.0,24
2026-08-10,21280.0,11658.0,9622.0,24
2026-08-11,18804.0,10035.0,8769.0,24
2026-08-12,19096.0,10447.0,8649.0,24
2026-08-13,19063.0,10297.0,8766.0,24
2026-08-14,18820.0,10140.0,8680.0,24
2026-08-15,18084.0,9580.0,8504.0,24
2026-08-16,16251.0,8540.0,7711.0,24
2026-08-17,20773.0,11422.0,9351.0,24
2026-08-18,21097.0,11597.0,9500.0,24
2026-08-19,21218.0,11619.0,9599.0,24
2026-08-20,21285.0,11737.0,9548.0,24
2026-08-21,22376.0,12341.0,10035.0,24
2026-08-22,20627.0,11197.0,9430.0,24
2026-08-23,17038.0,8885.0,8153.0,24
2026-08-24,21214.0,11789.0,9425.0,24
2026-08-25,21146.0,11667.0,9479.0,24
2026-08-26,21524.0,11690.0,9834.0,24
2026-08-27,21206.0,11723.0,9483.0,24
2026-08-28,22076.0,12256.0,9820.0,24
2026-08-29,20425.0,11036.0,9389.0,24
2026-08-30,17088.0,8927.0,8161.0,24
2026-08-31,21099.0,11665.0,9434.0,24
2026-09-01,20995.0,11586.0,9409.0,24
2026-09-02,20934.0,11465.0,9469.0,24
2026-09-03,20845.0,11556.0,9289.0,24
2026-09-04,21654.0,12027.0,9627.0,24
2026-09-05,20343.0,11072.0,9271.0,24
2026-09-06,17078.0,8993.0,8085.0,24
2026-09-07,20540.0,11288.0,9252.0,24
2026-09-08,20850.0,11533.0,9317.0,24
2026-09-09,20031.0,11052.0,8979.0,24
2026-09-10,21056.0,11700.0,9356.0,24
2026-09-11,21924.0,12055.0,9869.0,24
2026-09-12,20431.0,11154.0,9277.0,24
2026-09-13,16869.0,8779.0,8090.0,24
2026-09-14,20849.0,11623.0,9226.0,24
2026-09-15,21335.0,11806.0,9529.0,24
2026-09-16,21040.0,11663.0,9377.0,24
2026-09-17,21741.0,12010.0,9731.0,24
2026-09-18,22571.0,12660.0,9911.0,24
2026-09-19,21200.0,11520.0,9680.0,24
2026-09-20,18592.0,9918.0,8674.0,24
2026-09-21,18538.0,9838.0,8700.0,24
2026-09-22,18565.0,9783.0,8782.0,24
2026-09-23,17445.0,9278.0,8167.0,24
2026-09-24,21402.0,12039.0,9363.0,24
2026-09-25,22457.0,12435.0,10022.0,24
2026-09-26,19854.0,10837.0,9017.0,24
2026-09-27,16450.0,8675.0,7775.0,24
2026-09-28,21271.0,11877.0,9394.0,24
2026-09-29,21464.0,11901.0,9563.0,24
2026-09-30,21574.0,11932.0,9642.0,24
2026-10-01,21145.0,11707.0,9438.0,24
2026-10-02,740.0,329.0,411.0,4
