item_hash,platform,kind,date,language,likes,sentiment,label,route,scraped_at
4c9a6d1d2aa9cc2b,bluesky,post,2026-09-09,ja,0.0,0.1811,positive,native,2026-10-02T01:26:02Z
67a590c715cc433d,bluesky,post,2026-09-10,ja,0.0,0.4064,positive,native,2026-10-02T01:26:02Z
c7372b759e7ebca3,bluesky,post,2026-09-10,ja,0.0,0.4064,positive,native,2026-10-02T01:26:02Z
e29866717fd2f2de,bluesky,post,2026-09-11,ja,0.0,0.5677,positive,native,2026-10-02T01:26:02Z
dcc7e701ac6630a5,bluesky,post,2026-09-12,ja,0.0,0.5403,positive,native,2026-10-02T01:26:02Z
9d670955d7e99dab,bluesky,post,2026-09-12,ja,0.0,0.5403,positive,native,2026-10-02T01:26:02Z
cd4f9ce3cb7f2d76,bluesky,post,2026-09-12,ja,0.0,0.5403,positive,native,2026-10-02T01:26:02Z
c844fc9d2ed1146d,bluesky,post,2026-09-12,ja,0.0,0.5403,positive,native,2026-10-02T01:26:02Z
a81ff9a7d3314693,bluesky,post,2026-09-14,ja,0.0,0.6561,positive,native,2026-10-02T01:26:02Z
74fb0a176753883c,bluesky,post,2026-09-15,ja,0.0,-0.3824,negative,native,2026-10-02T01:26:02Z
40e439c17a675d1d,bluesky,post,2026-09-16,ja,0.0,0.1607,positive,native,2026-10-02T01:26:02Z
44ef1cc474827483,bluesky,post,2026-09-18,ja,0.0,0.5318,positive,native,2026-10-02T01:26:02Z
f733c45dd19179f7,bluesky,post,2026-09-18,ja,0.0,0.5166,positive,native,2026-10-02T01:26:02Z
c4769f89ec68e321,bluesky,post,2026-09-20,ja,0.0,0.371,positive,native,2026-10-02T01:26:02Z
a796be2836919a02,bluesky,post,2026-09-20,ja,0.0,0.2884,positive,native,2026-10-02T01:26:02Z
00a188f3ff962278,bluesky,post,2026-09-21,ja,0.0,-0.1399,negative,native,2026-10-02T01:26:02Z
6bbe7cdbbf2cca7a,bluesky,post,2026-09-21,en,140.0,0.3573,positive,native,2026-10-02T01:26:02Z
0c1a90f7aff0493e,bluesky,comment,2026-09-21,en,0.0,0.8959,positive,native,2026-10-02T01:26:02Z
0cabe950e189b56c,youtube,post,2026-09-21,ja,10.0,0.8272,positive,native,2026-10-02T01:26:02Z
8bf59a2e9a6aa227,youtube,post,2026-09-21,en,0.0,0.3623,positive,native,2026-10-02T01:26:02Z
f73115a3b4e4acef,youtube,post,2026-09-21,ja,10.0,0.3425,positive,native,2026-10-02T01:26:02Z
7159cafb8e144429,youtube,post,2026-09-21,ja,0.0,0.3282,positive,native,2026-10-02T01:26:02Z
48bbcad694653dd4,youtube,post,2026-09-21,ja,0.0,0.5927,positive,native,2026-10-02T01:26:02Z
4b2fd65cbf35003d,youtube,post,2026-09-21,ja,0.0,0.2595,positive,native,2026-10-02T01:26:02Z
8e78e340b4e5a428,youtube,comment,2026-09-21,ja,0.0,-0.1312,negative,native,2026-10-02T01:26:02Z
7738db276e1c2118,youtube,comment,2026-09-21,ja,0.0,0.4899,positive,native,2026-10-02T01:26:02Z
2d4de057de5da10f,youtube,comment,2026-09-21,ja,0.0,-0.2016,negative,native,2026-10-02T01:26:02Z
ded04d402c348636,youtube,comment,2026-09-21,ja,0.0,-0.4721,negative,native,2026-10-02T01:26:02Z
c0d91d4679ae70c8,youtube,comment,2026-09-21,ja,0.0,0.3461,positive,native,2026-10-02T01:26:02Z
9cc615c3650e42e5,youtube,comment,2026-09-21,ja,0.0,0.0273,positive,native,2026-10-02T01:26:02Z
a0c07511729c9208,youtube,post,2026-09-22,ja,10.0,0.4456,positive,native,2026-10-02T01:26:02Z
099aaf7fe979c2f7,youtube,post,2026-09-22,ja,0.0,0.1505,positive,native,2026-10-02T01:26:02Z
4b3cb09dbc249abb,youtube,post,2026-09-22,ja,0.0,0.5079,positive,native,2026-10-02T01:26:02Z
4662e2ca8113e914,youtube,post,2026-09-22,ja,,0.3616,positive,native,2026-10-02T01:26:02Z
6326fa505950b087,youtube,post,2026-09-22,ja,0.0,-0.0985,negative,native,2026-10-02T01:26:02Z
fe2a7c6041a2d56d,youtube,post,2026-09-22,zh-Hant,0.0,0.8877,positive,converted,2026-10-02T01:26:02Z
26c8fbf25d9610bf,youtube,post,2026-09-22,zh-Hant,0.0,0.6681,positive,converted,2026-10-02T01:26:02Z
7cb27319713ce792,youtube,post,2026-09-22,en,0.0,-0.1833,neutral,native,2026-10-02T01:26:02Z
b849ae61d1a1b4d1,youtube,comment,2026-09-22,ja,0.0,0.3852,positive,native,2026-10-02T01:26:02Z
6d328942466d25ad,youtube,comment,2026-09-22,ja,0.0,0.3523,positive,native,2026-10-02T01:26:02Z
968a62c78637d0f8,youtube,comment,2026-09-22,ja,0.0,0.4377,positive,native,2026-10-02T01:26:02Z
90036cfed96935a9,youtube,comment,2026-09-22,ja,0.0,-0.0268,negative,native,2026-10-02T01:26:02Z
865c76cdd533a8fe,youtube,comment,2026-09-22,ja,0.0,-0.0349,negative,native,2026-10-02T01:26:02Z
1b678c0b5a016765,youtube,comment,2026-09-22,en,0.0,0.2455,positive,native,2026-10-02T01:26:02Z
94ffad473487027b,youtube,comment,2026-09-22,ja,0.0,0.6729,positive,native,2026-10-02T01:26:02Z
f821377304d513bc,youtube,comment,2026-09-22,ja,0.0,0.5881,positive,native,2026-10-02T01:26:02Z
b966fc870350a92b,youtube,comment,2026-09-22,ja,0.0,0.5265,positive,native,2026-10-02T01:26:02Z
027778b25e621cbf,youtube,comment,2026-09-22,ja,0.0,0.5396,positive,native,2026-10-02T01:26:02Z
b2817fbaddfebbd5,youtube,comment,2026-09-22,ja,0.0,-0.3385,negative,native,2026-10-02T01:26:02Z
5cb9e6fa2262cb09,youtube,comment,2026-09-22,ja,0.0,0.7748,positive,native,2026-10-02T01:26:02Z
d968f2841af65c89,bluesky,post,2026-09-23,ja,0.0,0.3812,positive,native,2026-10-02T01:26:02Z
ad410f6445898416,youtube,post,2026-09-23,ja,0.0,0.4501,positive,native,2026-10-02T01:26:02Z
f0c9f022cff11fa9,youtube,post,2026-09-23,ja,10.0,0.1427,positive,native,2026-10-02T01:26:02Z
ea63c86db352f3fc,youtube,post,2026-09-23,ja,0.0,0.4085,positive,native,2026-10-02T01:26:02Z
0631e216ab7c3186,youtube,post,2026-09-23,ja,0.0,0.9285,positive,native,2026-10-02T01:26:02Z
4251d2788fcec7f9,youtube,comment,2026-09-23,ja,0.0,-0.7467,negative,native,2026-10-02T01:26:02Z
0f9c10a4baf768b8,youtube,comment,2026-09-23,ja,0.0,0.6858,positive,native,2026-10-02T01:26:02Z
92b7efd234e3257a,youtube,comment,2026-09-23,ja,0.0,0.3646,positive,native,2026-10-02T01:26:02Z
7a9236ccba4ebf02,youtube,comment,2026-09-23,ja,0.0,0.4266,positive,native,2026-10-02T01:26:02Z
3e4e737c1057350c,youtube,comment,2026-09-23,ja,0.0,-0.4038,negative,native,2026-10-02T01:26:02Z
476ecc0fcb108dfb,youtube,comment,2026-09-23,ja,0.0,-0.2747,negative,native,2026-10-02T01:26:02Z
e2f56e7602eb84af,youtube,comment,2026-09-23,ja,0.0,-0.2278,negative,native,2026-10-02T01:26:02Z
ee090b288297f258,youtube,comment,2026-09-23,ja,0.0,-0.2957,negative,native,2026-10-02T01:26:02Z
125fe3c7701f1311,youtube,comment,2026-09-23,ja,0.0,-0.3401,negative,native,2026-10-02T01:26:02Z
9b8768bce105a8d9,youtube,comment,2026-09-23,ja,0.0,-0.6052,negative,native,2026-10-02T01:26:02Z
2836fc1d25ac0f8b,youtube,comment,2026-09-23,ja,0.0,-0.1609,neutral,native,2026-10-02T01:26:02Z
8ceefdd4e667c8c1,youtube,comment,2026-09-23,ja,0.0,0.8776,positive,native,2026-10-02T01:26:02Z
5240e816b0274351,youtube,comment,2026-09-23,ja,0.0,0.6406,positive,native,2026-10-02T01:26:02Z
c321351b39dd148c,youtube,comment,2026-09-23,ja,0.0,0.8137,positive,native,2026-10-02T01:26:02Z
21e15675cb19c1bd,youtube,comment,2026-09-23,ja,0.0,0.5813,positive,native,2026-10-02T01:26:02Z
3d920ace411f2746,youtube,post,2026-09-24,ja,30.0,0.7679,positive,native,2026-10-02T01:26:02Z
56836bb187fb2f48,youtube,post,2026-09-24,ja,60.0,0.6024,positive,native,2026-10-02T01:26:02Z
175750f3f22a84ba,youtube,post,2026-09-24,ja,0.0,0.3745,positive,native,2026-10-02T01:26:02Z
2022b6bc64849f6a,youtube,comment,2026-09-24,ja,0.0,0.7665,positive,native,2026-10-02T01:26:02Z
563e3c8cc3b9f4de,youtube,comment,2026-09-24,ja,0.0,0.3747,positive,native,2026-10-02T01:26:02Z
f26a7e8b13c345f0,youtube,comment,2026-09-24,ja,0.0,0.4944,positive,native,2026-10-02T01:26:02Z
843e68fde6e673be,youtube,comment,2026-09-24,ja,0.0,0.0505,positive,native,2026-10-02T01:26:02Z
450f6caa71b80166,youtube,comment,2026-09-24,ja,0.0,0.6134,positive,native,2026-10-02T01:26:02Z
f2db2a022230269d,youtube,comment,2026-09-24,ja,0.0,0.8282,positive,native,2026-10-02T01:26:02Z
e02a3fb30c6e3c06,youtube,comment,2026-09-24,ja,0.0,0.1358,positive,native,2026-10-02T01:26:02Z
10e6bca347be045b,youtube,comment,2026-09-24,ja,0.0,0.8652,positive,native,2026-10-02T01:26:02Z
52fd139b7b3d85ee,youtube,comment,2026-09-24,ja,0.0,0.3325,positive,native,2026-10-02T01:26:02Z
59d0c1be5b8af820,youtube,comment,2026-09-24,ja,0.0,-0.0416,negative,native,2026-10-02T01:26:02Z
ff60fad4c698f61b,youtube,comment,2026-09-24,ja,0.0,-0.1197,negative,native,2026-10-02T01:26:02Z
55129da79024a87d,bluesky,post,2026-09-25,ja,20.0,0.6512,positive,native,2026-10-02T01:26:02Z
91201f7cee29da03,youtube,post,2026-09-25,ko,20.0,0.0528,positive,translated,2026-10-02T01:26:02Z
359f3c0fcd72db1d,youtube,post,2026-09-25,ja,0.0,0.3837,positive,native,2026-10-02T01:26:02Z
e4a8f86340dba320,youtube,post,2026-09-25,ja,0.0,0.6334,positive,native,2026-10-02T01:26:02Z
88ff74741afd7bea,youtube,post,2026-09-25,ja,20.0,0.3456,positive,native,2026-10-02T01:26:02Z
5134369f6056886b,youtube,post,2026-09-25,vi,0.0,-0.1045,negative,translated,2026-10-02T01:26:02Z
9b9e3d9d2c573722,youtube,post,2026-09-25,ja,0.0,0.2986,positive,native,2026-10-02T01:26:02Z
67c27ca0f7d2f677,youtube,comment,2026-09-25,ko,10.0,0.2571,positive,translated,2026-10-02T01:26:02Z
f92949e03dc4c60d,youtube,comment,2026-09-25,ko,0.0,0.956,positive,translated,2026-10-02T01:26:02Z
74076a23edeb303e,youtube,comment,2026-09-25,ko,10.0,0.6316,positive,translated,2026-10-02T01:26:02Z
453d5c3e4b47b5f4,youtube,comment,2026-09-25,ko,0.0,0.962,positive,translated,2026-10-02T01:26:02Z
cbe1d1f086905331,youtube,comment,2026-09-25,ko,10.0,0.9313,positive,translated,2026-10-02T01:26:02Z
7c730b207c183cef,youtube,comment,2026-09-25,ja,0.0,-0.09,negative,native,2026-10-02T01:26:02Z
85c2f4d8786b644f,youtube,comment,2026-09-25,ja,0.0,0.3667,positive,native,2026-10-02T01:26:02Z
c9933953f45aa76a,youtube,comment,2026-09-25,ja,0.0,-0.0025,negative,native,2026-10-02T01:26:02Z
00614099e92b4f94,youtube,comment,2026-09-25,ja,0.0,-0.2029,negative,native,2026-10-02T01:26:02Z
95f42da8ee2dba63,youtube,comment,2026-09-25,ja,0.0,-0.0292,neutral,native,2026-10-02T01:26:02Z
82705f9897dd38b8,youtube,comment,2026-09-25,ja,0.0,-0.101,negative,native,2026-10-02T01:26:02Z
1a9c9198ac9f4bbd,youtube,comment,2026-09-25,ja,0.0,0.0808,positive,native,2026-10-02T01:26:02Z
a4ad1a87e37828c9,youtube,comment,2026-09-25,ja,0.0,0.4442,positive,native,2026-10-02T01:26:02Z
c7c14dd81f4abfc4,youtube,comment,2026-09-25,ja,0.0,-0.7189,negative,native,2026-10-02T01:26:02Z
3a89a8fdb166be25,bluesky,post,2026-09-26,ja,0.0,0.054,positive,native,2026-10-02T01:26:02Z
b8b3195d1dff46f1,bluesky,post,2026-09-26,ja,0.0,-0.031,negative,native,2026-10-02T01:26:02Z
924bf9fcd0a48851,bluesky,post,2026-09-26,ja,0.0,0.1669,positive,native,2026-10-02T01:26:02Z
81abf2414b119fb1,bluesky,comment,2026-09-26,ja,0.0,0.2384,positive,native,2026-10-02T01:26:02Z
31627b24608ef474,bluesky,comment,2026-09-26,ja,0.0,0.2865,positive,native,2026-10-02T01:26:02Z
651c208a3e774250,bluesky,comment,2026-09-26,ja,0.0,-0.2961,negative,native,2026-10-02T01:26:02Z
2be67f92847bfea4,bluesky,comment,2026-09-26,ja,0.0,0.4188,positive,native,2026-10-02T01:26:02Z
cf5207d40e04dc6a,bluesky,comment,2026-09-26,ja,0.0,-0.3892,negative,native,2026-10-02T01:26:02Z
b61cf8dd4985a393,bluesky,comment,2026-09-26,ja,0.0,-0.4534,negative,native,2026-10-02T01:26:02Z
4d068804ad146ef7,bluesky,comment,2026-09-26,ja,0.0,0.3425,positive,native,2026-10-02T01:26:02Z
cd0d69b05db07be6,bluesky,comment,2026-09-26,ja,0.0,0.3095,positive,native,2026-10-02T01:26:02Z
da4f9456fe7a1ee3,youtube,post,2026-09-26,ja,0.0,0.849,positive,native,2026-10-02T01:26:02Z
643cff72e7bdffb6,youtube,post,2026-09-26,ja,0.0,0.3744,positive,native,2026-10-02T01:26:02Z
be0cde9a944c3f8c,youtube,post,2026-09-26,zh-Hans,0.0,0.3935,positive,native,2026-10-02T01:26:02Z
93d3b62d5ed66b06,youtube,post,2026-09-26,ja,10.0,-0.6594,negative,native,2026-10-02T01:26:02Z
9ccd4485ce5b0d07,youtube,post,2026-09-26,ja,320.0,0.4889,positive,native,2026-10-02T01:26:02Z
e24120bd44fb027a,youtube,post,2026-09-26,ja,0.0,0.4694,positive,native,2026-10-02T01:26:02Z
e66d776996acb44c,youtube,comment,2026-09-26,zh-Hant,0.0,0.7182,positive,converted,2026-10-02T01:26:02Z
82441c06378c4c8c,youtube,comment,2026-09-26,ja,0.0,0.3012,positive,native,2026-10-02T01:26:02Z
828063e19beeb8b8,youtube,comment,2026-09-26,ja,0.0,-0.2426,negative,native,2026-10-02T01:26:02Z
e95e9ccbf03f4d2f,youtube,comment,2026-09-26,ja,0.0,0.6676,positive,native,2026-10-02T01:26:02Z
603dfeb75f7dcc9b,youtube,comment,2026-09-26,ja,0.0,0.1101,positive,native,2026-10-02T01:26:02Z
48a765102fd05afc,youtube,comment,2026-09-26,ja,0.0,0.3783,positive,native,2026-10-02T01:26:02Z
da0f6380e133ce25,youtube,comment,2026-09-26,ja,0.0,0.2441,positive,native,2026-10-02T01:26:02Z
8a856fc3b0582c1a,youtube,comment,2026-09-26,ja,0.0,0.3198,positive,native,2026-10-02T01:26:02Z
10ead3eab361efa3,youtube,comment,2026-09-26,ja,0.0,-0.7068,negative,native,2026-10-02T01:26:02Z
4cda78f2c62aec68,youtube,comment,2026-09-26,ja,0.0,-0.2677,negative,native,2026-10-02T01:26:02Z
1c0aff23b2766267,youtube,comment,2026-09-26,,0.0,0.2703,positive,native,2026-10-02T01:26:02Z
5913240524627df1,youtube,comment,2026-09-26,ja,0.0,-0.7489,negative,native,2026-10-02T01:26:02Z
590fe99f5dfb36bc,youtube,comment,2026-09-26,ja,0.0,-0.7926,negative,native,2026-10-02T01:26:02Z
08bc45df570579e7,youtube,comment,2026-09-26,ja,0.0,0.3242,positive,native,2026-10-02T01:26:02Z
4f377bbc0546e074,youtube,comment,2026-09-26,ja,0.0,0.0333,positive,native,2026-10-02T01:26:02Z
0e1b29c6820a7b67,youtube,comment,2026-09-26,ja,0.0,-0.0362,negative,native,2026-10-02T01:26:02Z
2e3fb71f79e32847,youtube,comment,2026-09-26,ja,0.0,-0.3432,negative,native,2026-10-02T01:26:02Z
728730d08d55c0d3,youtube,comment,2026-09-26,ja,0.0,-0.1018,negative,native,2026-10-02T01:26:02Z
18f8a3b0bbbddd60,youtube,comment,2026-09-26,,0.0,0.2703,positive,native,2026-10-02T01:26:02Z
b8b7489f05803f2d,youtube,comment,2026-09-26,ja,0.0,0.0909,positive,native,2026-10-02T01:26:02Z
a25b6b71cc36efdc,youtube,comment,2026-09-26,ja,0.0,0.1762,positive,native,2026-10-02T01:26:02Z
281cd1f875ef4df7,youtube,comment,2026-09-26,ja,0.0,-0.6636,negative,native,2026-10-02T01:26:02Z
d05b031ed4e87616,youtube,comment,2026-09-26,ja,0.0,-0.7303,negative,native,2026-10-02T01:26:02Z
b160434ffdf745a2,youtube,comment,2026-09-26,,0.0,0.2171,positive,native,2026-10-02T01:26:02Z
eefd39692909b7f4,youtube,comment,2026-09-26,vi,0.0,0.4591,positive,translated,2026-10-02T01:26:02Z
528e1305dfd1e2a3,youtube,comment,2026-09-26,ja,0.0,0.3999,positive,native,2026-10-02T01:26:02Z
8d9f2741af4aa67f,youtube,comment,2026-09-26,ja,0.0,0.4225,positive,native,2026-10-02T01:26:02Z
be2431aacd18f6d2,youtube,comment,2026-09-26,ja,0.0,-0.3701,negative,native,2026-10-02T01:26:02Z
762645d62daab9d7,youtube,comment,2026-09-26,ja,0.0,0.8398,positive,native,2026-10-02T01:26:02Z
968e9d9a96d2829d,youtube,comment,2026-09-26,ja,0.0,0.82,positive,native,2026-10-02T01:26:02Z
ce0e2693e355a44b,youtube,comment,2026-09-26,ja,0.0,0.1764,positive,native,2026-10-02T01:26:02Z
316747fca15d2c18,youtube,comment,2026-09-26,ja,0.0,-0.2273,negative,native,2026-10-02T01:26:02Z
eba9879a10489225,youtube,comment,2026-09-26,ja,0.0,0.5837,positive,native,2026-10-02T01:26:02Z
3dd7f558290c4c8b,youtube,comment,2026-09-26,ja,0.0,0.7142,positive,native,2026-10-02T01:26:02Z
7b885d2d59033b6b,youtube,comment,2026-09-26,ja,0.0,0.629,positive,native,2026-10-02T01:26:02Z
1479ccf05183efb2,youtube,comment,2026-09-26,ja,0.0,0.7439,positive,native,2026-10-02T01:26:02Z
dbb20c54c823ce29,youtube,comment,2026-09-26,ja,0.0,0.6326,positive,native,2026-10-02T01:26:02Z
22a03290abf85ecb,youtube,comment,2026-09-26,ja,0.0,0.718,positive,native,2026-10-02T01:26:02Z
221ea69f12896291,youtube,comment,2026-09-26,ja,0.0,0.5402,positive,native,2026-10-02T01:26:02Z
c97ce433449acd0a,youtube,comment,2026-09-26,ja,0.0,0.4808,positive,native,2026-10-02T01:26:02Z
d66b175fd97738b4,youtube,comment,2026-09-26,ja,0.0,0.7511,positive,native,2026-10-02T01:26:02Z
034a35b2fb736533,youtube,comment,2026-09-26,ja,0.0,0.5741,positive,native,2026-10-02T01:26:02Z
527978b8095ecc3a,youtube,comment,2026-09-26,ja,0.0,0.2876,positive,native,2026-10-02T01:26:02Z
663a62365d0eb0b3,youtube,comment,2026-09-26,ja,0.0,0.5285,positive,native,2026-10-02T01:26:02Z
4267a4b557137df6,youtube,comment,2026-09-26,ja,0.0,0.6759,positive,native,2026-10-02T01:26:02Z
3bdf337c30e18fc1,youtube,comment,2026-09-26,ja,0.0,-0.3859,negative,native,2026-10-02T01:26:02Z
e584a7a3f989db1b,youtube,comment,2026-09-26,ja,0.0,0.605,positive,native,2026-10-02T01:26:02Z
22e912a10f153b88,youtube,comment,2026-09-26,ja,0.0,0.7794,positive,native,2026-10-02T01:26:02Z
f70b3c35ebfb05a9,youtube,comment,2026-09-26,ja,0.0,0.787,positive,native,2026-10-02T01:26:02Z
4b7f05958479e569,bluesky,post,2026-09-27,ja,0.0,-0.4616,negative,native,2026-10-02T01:26:02Z
029b8b555bced988,bluesky,post,2026-09-27,ja,0.0,0.1549,positive,native,2026-10-02T01:26:02Z
f5d94d5046abcdc6,youtube,post,2026-09-27,ja,0.0,0.2376,positive,native,2026-10-02T01:26:02Z
625f6743b15b5ea6,youtube,post,2026-09-27,ja,10.0,0.5727,positive,native,2026-10-02T01:26:02Z
bf7d48aeccaa7289,youtube,post,2026-09-27,ja,0.0,-0.0192,negative,native,2026-10-02T01:26:02Z
1116663284a2972f,youtube,post,2026-09-27,ja,0.0,0.2857,positive,native,2026-10-02T01:26:02Z
261f344068e67a42,youtube,post,2026-09-27,ja,110.0,0.7185,positive,native,2026-10-02T01:26:02Z
c85123ce4cfc205c,youtube,post,2026-09-27,ja,10.0,0.7113,positive,native,2026-10-02T01:26:02Z
103cec30fccae447,youtube,comment,2026-09-27,ko,0.0,-0.2203,negative,translated,2026-10-02T01:26:02Z
62c35913cb54f45f,youtube,comment,2026-09-27,ja,0.0,0.7732,positive,native,2026-10-02T01:26:02Z
593ba79bf84771db,youtube,comment,2026-09-27,ja,0.0,0.6552,positive,native,2026-10-02T01:26:02Z
56bc12877dbf761d,youtube,comment,2026-09-27,ja,0.0,0.6864,positive,native,2026-10-02T01:26:02Z
57c3e486840cbe49,youtube,comment,2026-09-27,ja,0.0,-0.2612,negative,native,2026-10-02T01:26:02Z
1cf01451412794da,youtube,comment,2026-09-27,ja,0.0,0.6963,positive,native,2026-10-02T01:26:02Z
2722079404695caf,youtube,comment,2026-09-27,ja,0.0,0.2432,positive,native,2026-10-02T01:26:02Z
9a9045974e651823,youtube,comment,2026-09-27,ja,0.0,0.5546,positive,native,2026-10-02T01:26:02Z
4d3877768467610c,youtube,comment,2026-09-27,ja,0.0,0.5263,positive,native,2026-10-02T01:26:02Z
30d7dced30293997,youtube,comment,2026-09-27,ja,0.0,-0.301,negative,native,2026-10-02T01:26:02Z
8fc8b1961c98277d,youtube,comment,2026-09-27,ja,0.0,0.6958,positive,native,2026-10-02T01:26:02Z
ab71756a15b59f23,youtube,comment,2026-09-27,ja,0.0,0.0212,positive,native,2026-10-02T01:26:02Z
bacb5ace4c27fa9e,youtube,comment,2026-09-27,ja,0.0,-0.2325,negative,native,2026-10-02T01:26:02Z
beed0642e152ea6d,youtube,comment,2026-09-27,vi,0.0,0.7501,positive,translated,2026-10-02T01:26:02Z
2b8b94e04385ea65,youtube,comment,2026-09-27,ja,0.0,0.5255,positive,native,2026-10-02T01:26:02Z
1769a301dae88937,youtube,comment,2026-09-27,ja,0.0,0.3965,positive,native,2026-10-02T01:26:02Z
f5fc001f7edc0e2b,youtube,comment,2026-09-27,ja,0.0,0.4649,positive,native,2026-10-02T01:26:02Z
3802152f9b9713b8,youtube,comment,2026-09-27,ja,0.0,0.5181,positive,native,2026-10-02T01:26:02Z
ea62c572d31bf924,youtube,comment,2026-09-27,ja,0.0,0.8651,positive,native,2026-10-02T01:26:02Z
a58a6c4fba335716,youtube,comment,2026-09-27,ja,0.0,0.2973,positive,native,2026-10-02T01:26:02Z
2a852f45498e3236,youtube,comment,2026-09-27,ja,0.0,0.6402,positive,native,2026-10-02T01:26:02Z
3f950d68da7ae18a,youtube,comment,2026-09-27,ja,0.0,0.3825,positive,native,2026-10-02T01:26:02Z
2a2679192a8cfc2f,youtube,comment,2026-09-27,ja,0.0,0.7998,positive,native,2026-10-02T01:26:02Z
239648242ffe9c86,youtube,comment,2026-09-27,ja,0.0,0.2128,positive,native,2026-10-02T01:26:02Z
3263a2d8a8170a15,youtube,comment,2026-09-27,ja,0.0,0.6993,positive,native,2026-10-02T01:26:02Z
7ab6da36f5a425b2,youtube,comment,2026-09-27,ja,0.0,0.1314,positive,native,2026-10-02T01:26:02Z
4a5e78a9cacb440d,youtube,comment,2026-09-27,ja,0.0,0.6583,positive,native,2026-10-02T01:26:02Z
9ab1d32c9959130c,youtube,comment,2026-09-27,ja,0.0,0.0471,positive,native,2026-10-02T01:26:02Z
631b2eed0182a0ac,youtube,comment,2026-09-27,ja,0.0,0.6014,positive,native,2026-10-02T01:26:02Z
0d3ea86db2ab1197,youtube,comment,2026-09-27,ja,0.0,0.1715,positive,native,2026-10-02T01:26:02Z
1043d878182c660f,youtube,comment,2026-09-27,ja,0.0,0.4206,positive,native,2026-10-02T01:26:02Z
5045ed771590a20c,youtube,comment,2026-09-27,ja,0.0,0.7462,positive,native,2026-10-02T01:26:02Z
f257b855e1751a36,youtube,comment,2026-09-27,ja,0.0,-0.0745,negative,native,2026-10-02T01:26:02Z
de4ca4c1f4baaef7,bluesky,post,2026-09-28,ja,0.0,0.0103,positive,native,2026-10-02T01:26:02Z
659cea8402b764bd,bluesky,post,2026-09-28,ja,10.0,0.2511,positive,native,2026-10-02T01:26:02Z
be08edb2cc3d4fac,bluesky,post,2026-09-28,ja,0.0,0.1496,positive,native,2026-10-02T01:26:02Z
29fa409176dace38,bluesky,post,2026-09-28,ja,0.0,-0.1924,negative,native,2026-10-02T01:26:02Z
11215e3aab568367,bluesky,post,2026-09-28,ja,0.0,0.4098,positive,native,2026-10-02T01:26:02Z
dd994be265b2a599,bluesky,post,2026-09-28,ja,0.0,0.2755,positive,native,2026-10-02T01:26:02Z
2ded821a9150334c,bluesky,post,2026-09-28,ja,0.0,0.4098,positive,native,2026-10-02T01:26:02Z
7c2bf525cbecf99e,bluesky,post,2026-09-28,ja,0.0,0.1098,positive,native,2026-10-02T01:26:02Z
72a93089304dd692,youtube,post,2026-09-28,ja,10.0,-0.1182,negative,native,2026-10-02T01:26:02Z
d50e9f94f2e7254b,youtube,post,2026-09-28,ja,0.0,0.3551,positive,native,2026-10-02T01:26:02Z
11c72541717882e2,youtube,comment,2026-09-28,ja,0.0,-0.4245,negative,native,2026-10-02T01:26:02Z
28c803c031a21544,youtube,comment,2026-09-28,ja,0.0,-0.1224,negative,native,2026-10-02T01:26:02Z
006e1da41a586d88,youtube,comment,2026-09-28,ja,0.0,-0.0457,negative,native,2026-10-02T01:26:02Z
507cd7d859dc16d3,youtube,comment,2026-09-28,ja,0.0,0.415,positive,native,2026-10-02T01:26:02Z
c09afcd67ca39ad0,youtube,comment,2026-09-28,ja,0.0,0.8729,positive,native,2026-10-02T01:26:02Z
7eb6848f7879b902,youtube,comment,2026-09-28,ja,0.0,0.6353,positive,native,2026-10-02T01:26:02Z
a4291c3b8c190840,youtube,comment,2026-09-28,ja,0.0,-0.1074,negative,native,2026-10-02T01:26:02Z
1f1d3222d72ab3ce,youtube,comment,2026-09-28,ja,0.0,0.4256,positive,native,2026-10-02T01:26:02Z
09c27c76060f7a38,youtube,comment,2026-09-28,ja,0.0,0.6553,positive,native,2026-10-02T01:26:02Z
6a182e0d0ddf12f3,bluesky,comment,2026-09-29,ja,0.0,0.5957,positive,native,2026-10-02T01:26:02Z
a5022333868b0a76,youtube,post,2026-09-29,ja,0.0,0.5156,positive,native,2026-10-02T01:26:02Z
f40d011462105a55,youtube,post,2026-09-29,ja,10.0,0.3414,positive,native,2026-10-02T01:26:02Z
8200e0d3f05e3039,youtube,post,2026-09-29,ja,0.0,0.5204,positive,native,2026-10-02T01:26:02Z
18edd42d0f74d4c1,youtube,post,2026-09-29,ko,0.0,0.2489,positive,translated,2026-10-02T01:26:02Z
c12d594c659d657d,youtube,comment,2026-09-29,ko,0.0,0.0935,positive,translated,2026-10-02T01:26:02Z
82bc023ee6703bdf,youtube,comment,2026-09-29,ko,0.0,0.9555,positive,translated,2026-10-02T01:26:02Z
4e6bddea1bea9c4e,youtube,comment,2026-09-29,ja,0.0,0.5879,positive,native,2026-10-02T01:26:02Z
cfdfe6d281c471ef,youtube,comment,2026-09-29,ja,0.0,0.5502,positive,native,2026-10-02T01:26:02Z
fed28af7567ab762,youtube,comment,2026-09-29,ja,0.0,0.6518,positive,native,2026-10-02T01:26:02Z
ab28f68f4a0a2527,youtube,comment,2026-09-29,ja,0.0,0.8603,positive,native,2026-10-02T01:26:02Z
0cb00f194deb3526,youtube,comment,2026-09-29,ja,0.0,0.7722,positive,native,2026-10-02T01:26:02Z
e3bef9e39610abbd,bluesky,post,2026-09-30,ja,0.0,0.5075,positive,native,2026-10-02T01:26:02Z
159a0a3b24fd3397,youtube,post,2026-09-30,ja,10.0,0.3407,positive,native,2026-10-02T01:26:02Z
8a1d2dab85b2ba95,youtube,post,2026-09-30,ja,0.0,0.2168,positive,native,2026-10-02T01:26:02Z
f4ade25d3870d33b,youtube,post,2026-09-30,ja,0.0,0.7669,positive,native,2026-10-02T01:26:02Z
d361b7ee89621502,youtube,post,2026-09-30,ja,0.0,0.7875,positive,native,2026-10-02T01:26:02Z
d447871d1a1e5709,youtube,comment,2026-09-30,ja,0.0,0.0045,positive,native,2026-10-02T01:26:02Z
aabd1cb9ea96ef49,youtube,post,2026-10-01,ja,0.0,0.5604,positive,native,2026-10-02T01:26:02Z
5e8dde219032ab52,youtube,post,2026-10-01,ja,0.0,0.3779,positive,native,2026-10-02T01:26:02Z
a23e951f07452055,youtube,post,2026-10-01,ja,0.0,0.7633,positive,native,2026-10-02T01:26:02Z
9701a5d20b6f0c91,youtube,post,2026-10-01,ja,50.0,-0.3712,negative,native,2026-10-02T01:26:02Z
337969a43a9eb00f,youtube,post,2026-10-01,ja,0.0,0.458,positive,native,2026-10-02T01:26:02Z
6317d79ce7b0d4b3,youtube,post,2026-10-01,ja,20.0,-0.4529,negative,native,2026-10-02T01:26:02Z
55207568418ec124,youtube,post,2026-10-01,ja,0.0,0.5274,positive,native,2026-10-02T01:26:02Z
114ad9d1b57c61f6,youtube,comment,2026-10-01,ja,0.0,0.8961,positive,native,2026-10-02T01:26:02Z
778ff067542e332e,youtube,comment,2026-10-01,ja,0.0,0.0397,positive,native,2026-10-02T01:26:02Z
0dd31fc54e887cd6,youtube,comment,2026-10-01,ja,0.0,-0.1362,neutral,native,2026-10-02T01:26:02Z
11c06fdeba68f8f1,youtube,comment,2026-10-01,ja,0.0,-0.2489,negative,native,2026-10-02T01:26:02Z
36404bf2e4adbc6b,youtube,comment,2026-10-01,ja,0.0,0.0266,positive,native,2026-10-02T01:26:02Z
f4b6f05b819841f3,youtube,comment,2026-10-01,ja,0.0,-0.4922,negative,native,2026-10-02T01:26:02Z
eb018b5b63d53ca8,youtube,comment,2026-10-01,ja,0.0,0.4064,positive,native,2026-10-02T01:26:02Z
a6cf32e707d3d4c7,youtube,comment,2026-10-01,ja,0.0,0.4671,positive,native,2026-10-02T01:26:02Z
9d94bd5025284b94,youtube,comment,2026-10-01,ja,0.0,0.4837,positive,native,2026-10-02T01:26:02Z
c16964a63fb7bda4,youtube,post,2026-10-02,ko,0.0,0.7612,positive,translated,2026-10-02T01:26:02Z
48b01447d3705eeb,youtube,post,2026-10-02,ja,0.0,0.5204,positive,native,2026-10-02T01:26:02Z
d1d011e6bdc2ebea,youtube,comment,2026-10-02,ja,0.0,0.3328,positive,native,2026-10-02T01:26:02Z
0f8e4c45dec1fdb7,youtube,comment,2026-10-02,ja,0.0,0.7848,positive,native,2026-10-02T01:26:02Z
9d1723c78a2b4f3f,youtube,comment,2026-10-02,ja,0.0,0.4174,positive,native,2026-10-02T01:26:02Z
